{
    "train": {
        "accuracy": 14.938840764930118,
        "loss": 0.2588428086958393
    },
    "val": {
        "accuracy": 14.165586229847024,
        "loss": 0.529084158074919
    },
    "step": 14
}
