step	accuracy
0	0.28414668129874077
1	1.4488791065033941
2	2.4015817910972657
3	3.623920011068468
4	4.87660036086553
5	5.53915988565973
6	6.041141485192323
7	7.499260364959424
8	8.767032175930572
9	9.29474596733788
10	10.975836385781648
11	11.865743601223281
12	12.999987259969638
13	13.553524703163214
14	14.938840764930118
