step	loss
0	14.789197027382706
1	13.959461654232681
2	12.258571533063716
3	11.569343156021164
4	10.175227312331913
5	9.057202287333485
6	8.560921048328769
7	7.081123527346889
8	6.476416589936239
9	5.016427963972742
10	4.31614985632152
11	3.0661764921356225
12	2.3445866260545016
13	1.4599474373209653
14	0.2588428086958393
